用例编号,模块,输入或条件,预期结果
SRC01,旧法时点,2025-12-31合规行为,使用2016第二十一条/第二十四条；需要已会签旧版
SRC02,新法时点,2026-01-01合规行为,使用2025第二十三条/第二十六条；需要已会签新版
SRC03,旧法缺口,2016版法源pending,阻断有效合规结果，不近似使用新法
SRC04,跨版持续,行为跨2026-01-01,分段或双时点待核查，不能机械择一
SEV01,S1独立,帮助对象3、支付结算0,S1满足，无30万附加要求
SEV02,S2临界,支付结算199999/200000,前者不满足，后者满足
SEV03,S3口径,提供资金50000、流水未知,仅符合资金提供法律事实时S3满足
SEV04,S4临界,违法所得10000,S4满足，component_of不得重复加
SEV05,S5处罚,行政处罚超过2年,S5不满足；未知应待核查
SEV06,S6AND,本人账户3且流入299999/300000,前者不满足，后者满足
SEV07,S7AND,非本人账户交易+流入300000,若事实已确认则路径满足，不额外要求3账户
SEV08,S8卡片,20张电话卡/物联网卡,唯一去重后达到20路径满足或标明暂需人工实施
SEV09,非穷尽,八条未中但有严重后果线索,不得输出没有情节严重，展示人工核查
CV01,明知去presumed,knowledge=presumed,不能直接当已满足；客观推认证据待审
CV02,三类帮助,互联网接入/服务器/存储/通信,均归技术支持，不再为4个一级类型
CV03,掩隐界分,仅知上游既遂,不得直接排除帮信或确立掩隐
CV04,事中诈骗共犯,具体明知+既遂前长期稳定实质参与,可候选提示，仍待人工审核
CV05,概括明知,偶发帮助+general,不得判断诈骗共犯已满足
PATH01,缺证据,candidate路径actor/证据缺失,blocked，不能生成可依赖的排除结论
PATH02,证据冲突,支持/相反事实存在冲突,conflicted并两侧展示
PATH03,actor隔离,两名参与人时间姿态不同,按actorId独立路径与金额
DOC01,支付结算金额,起诉书只有account_total_flow,不得充当payment_settlement_amount
DOC02,通用起诉书,技术支持型没有支付结算金额,不因此阻断；仍需其他身份/程序/事实字段
DOC03,不起诉互斥,同时选statutory和discretionary,blocked
DOC04,附条件资格,犯罪时成年人,不得附条件不起诉
DOC05,未成年人限制,犯罪时未满18但不符合第282条其他条件,不得生成附条件不起诉决定
DOC06,量刑建议缺主刑,普通情形没有proposed_principal_penalty,blocked
DOC07,免刑矛盾,免刑true仍有主刑/执行方式/附加刑,清理互斥项，阻断矛盾建议
DOC08,建议与参考分离,系统9.0或8.1月,只在辅助参考字段，不自动填正式建议
UI01,量刑文案,刑期 9.0 个月,改成规则计算参考值：9.0个月
UI02,检索时效,旧法未标有效期,待核查，不能成为裁判依据
UI03,合规语气,出现构成犯罪/合法/违法/应处罚,消除终局措辞
UI04,定罪语气,材料缺失,显示待核查而非已排除
OPS01,V27状态,待迁移或已执行,按真实Flyway记录处理，不重复修改已迁移文件
OPS02,会签,1.1.0已播种但未signoff,不得进入有效计算
OPS03,公开门闩,1.1.0已签且源已签,/v1仍为501，除非另行完成解禁验收
